{
  "claude-3-sonnet": {
    "cavg": 0.6583,
    "pavg": 0.9250999999999999
  },
  "gpt-4": {
    "cavg": 0.3966,
    "pavg": 0.31339999999999996
  },
  "gpt-4o-mini": {
    "cavg": 0.6333,
    "pavg": 0.3167
  },
  "gpt-3.5-turbo": {
    "cavg": 0.775,
    "pavg": 0.36669999999999997
  },
  "wenxin": {
    "cavg": 0.45,
    "pavg": 0.7666999999999999
  },
  "chatglm-4-air": {
    "cavg": 0.3917,
    "pavg": 0.0417
  }
}